"OUSort","SOM","DistinguishedName","BlockInheritance","LinkEnabled","Enforced","Precedence","DisplayName","GPOStatus","WMIFilter","GUID","GPOCreated","GPOModified","UserVersionDS","UserVersionSysvol","ComputerVersionDS","ComputerVersionSysvol","PolicyDN","gPLinkVersion","gPLinkLastOrigChgTime","gPLinkLastOrigChgDirServerId","gPLinkLastOrigChgDirServerInvocId"
,"Ohio","CN=Ohio,CN=Sites,CN=Configuration,DC=CohoVineyard,DC=com","False",,,,,,,,,,,,,,,,,,
,"Washington","CN=Washington,CN=Sites,CN=Configuration,DC=CohoVineyard,DC=com","False",,,,,,,,,,,,,,,,,,
"0","CohoVineyard","DC=CohoVineyard,DC=com","False","True","False","1","Default Domain Policy","AllSettingsEnabled",,"{31b2f340-016d-11d2-945f-00c04fb984f9}","4/12/2011 1:37:16 PM","10/3/2014 12:14:30 PM","0","0","38","38","CN={31B2F340-016D-11D2-945F-00C04FB984F9},CN=Policies,CN=System,DC=CohoVineyard,DC=com","95","4/3/2014 11:19:58 AM","CN=NTDS Settings,CN=CVDC1,CN=Servers,CN=Washington,CN=Sites,CN=Configuration,DC=CohoVineyard,DC=com","1f29e0a0-6fb5-4721-b9be-84ddb0e72436"
"1","_____Domain Controllers","OU=Domain Controllers,DC=CohoVineyard,DC=com","False","True","False","1","Default Domain Controllers Policy","AllSettingsEnabled",,"{6ac1786c-016f-11d2-945f-00c04fb984f9}","4/12/2011 1:37:16 PM","9/13/2013 1:55:14 PM","0","0","4","3","CN={6AC1786C-016F-11D2-945F-00C04fB984F9},CN=Policies,CN=System,DC=CohoVineyard,DC=com","2","12/7/2014 6:20:51 PM","CN=NTDS Settings,CN=CVDCR2,CN=Servers,CN=Ohio,CN=Sites,CN=Configuration,DC=CohoVineyard,DC=com","4eab0674-680c-4036-851a-1ba76275ca01"
"1","_____Domain Controllers","OU=Domain Controllers,DC=CohoVineyard,DC=com","False","True","False","2","SLAM 2 DC Auditing","AllSettingsEnabled",,"{f2e31161-072f-42ef-b4cd-843ec1f9f88f}","12/7/2014 6:05:56 PM","12/7/2014 6:20:32 PM","0","0","9","9","cn={F2E31161-072F-42EF-B4CD-843EC1F9F88F},cn=policies,cn=system,DC=CohoVineyard,DC=com","2","12/7/2014 6:20:51 PM","CN=NTDS Settings,CN=CVDCR2,CN=Servers,CN=Ohio,CN=Sites,CN=Configuration,DC=CohoVineyard,DC=com","4eab0674-680c-4036-851a-1ba76275ca01"
"2","_____Engineering","OU=Engineering,DC=CohoVineyard,DC=com","False",,,,,,,,,,,,,,,,,,
"3","_____GP Script Testing","OU=GP Script Testing,DC=CohoVineyard,DC=com","False",,,,,,,,,,,,,,,"3","4/1/2014 1:52:45 PM","CN=NTDS Settings,CN=CVDC1,CN=Servers,CN=Washington,CN=Sites,CN=Configuration,DC=CohoVineyard,DC=com","1f29e0a0-6fb5-4721-b9be-84ddb0e72436"
"4","_____Groups","OU=Groups,DC=CohoVineyard,DC=com","False",,,,,,,,,,,,,,,,,,
"5","_____HR","OU=HR,DC=CohoVineyard,DC=com","False","True","True","1","Script and Delegation Test","AllSettingsEnabled",,"{998cfcf6-5599-447e-881c-990dbe4503f8}","11/20/2014 12:39:45 PM","11/20/2014 12:39:48 PM","1","1","1","1","cn={998CFCF6-5599-447E-881C-990DBE4503F8},cn=policies,cn=system,DC=cohovineyard,DC=com","68","11/20/2014 12:39:58 PM","CN=NTDS Settings,CN=CVDCR2,CN=Servers,CN=Ohio,CN=Sites,CN=Configuration,DC=CohoVineyard,DC=com","4eab0674-680c-4036-851a-1ba76275ca01"
"5","_____HR","OU=HR,DC=CohoVineyard,DC=com","False","True","False","2","Restricted Groups and Rights Test","AllSettingsEnabled",,"{5288bf86-8f96-4b21-9546-880dab2daa15}","11/20/2014 12:39:49 PM","11/20/2014 12:39:54 PM","1","1","1","1","cn={5288BF86-8F96-4B21-9546-880DAB2DAA15},cn=policies,cn=system,DC=cohovineyard,DC=com","68","11/20/2014 12:39:58 PM","CN=NTDS Settings,CN=CVDCR2,CN=Servers,CN=Ohio,CN=Sites,CN=Configuration,DC=CohoVineyard,DC=com","4eab0674-680c-4036-851a-1ba76275ca01"
"6","_____Legal","OU=Legal,DC=CohoVineyard,DC=com","False","True","False","1","Rights and User Disabled Test","UserSettingsDisabled",,"{4152322f-d1ad-4a46-8a48-ccbb585ddedb}","11/20/2014 12:39:54 PM","11/20/2014 12:39:56 PM","1","1","1","1","cn={4152322F-D1AD-4A46-8A48-CCBB585DDEDB},cn=policies,cn=system,DC=cohovineyard,DC=com","23","11/20/2014 12:39:58 PM","CN=NTDS Settings,CN=CVDCR2,CN=Servers,CN=Ohio,CN=Sites,CN=Configuration,DC=CohoVineyard,DC=com","4eab0674-680c-4036-851a-1ba76275ca01"
"7","_____LocalTest","OU=LocalTest,DC=CohoVineyard,DC=com","True",,,,,,,,,,,,,,,"1","12/10/2014 11:45:11 AM","CN=NTDS Settings,CN=CVDCR2,CN=Servers,CN=Ohio,CN=Sites,CN=Configuration,DC=CohoVineyard,DC=com","4eab0674-680c-4036-851a-1ba76275ca01"
"8","__________UnderLocalTest1","OU=UnderLocalTest1,OU=LocalTest,DC=CohoVineyard,DC=com","False",,,,,,,,,,,,,,,,,,
"9","_______________UnderUnderLocalTest1","OU=UnderUnderLocalTest1,OU=UnderLocalTest1,OU=LocalTest,DC=CohoVineyard,DC=com","True",,,,,,,,,,,,,,,"1","12/10/2014 12:57:44 PM","CN=NTDS Settings,CN=CVDCR2,CN=Servers,CN=Ohio,CN=Sites,CN=Configuration,DC=CohoVineyard,DC=com","4eab0674-680c-4036-851a-1ba76275ca01"
"10","_______________UnderUnderLocalTest2","OU=UnderUnderLocalTest2,OU=UnderLocalTest1,OU=LocalTest,DC=CohoVineyard,DC=com","False",,,,,,,,,,,,,,,,,,
"11","__________UnderLocalTest2","OU=UnderLocalTest2,OU=LocalTest,DC=CohoVineyard,DC=com","True",,,,,,,,,,,,,,,"1","12/10/2014 12:57:48 PM","CN=NTDS Settings,CN=CVDCR2,CN=Servers,CN=Ohio,CN=Sites,CN=Configuration,DC=CohoVineyard,DC=com","4eab0674-680c-4036-851a-1ba76275ca01"
"12","_____Migrated","OU=Migrated,DC=CohoVineyard,DC=com","False",,,,,,,,,,,,,,,,,,
"13","_____NewUsers","OU=NewUsers,DC=CohoVineyard,DC=com","False",,,,,,,,,,,,,,,,,,
"14","_____Office","OU=Office,DC=CohoVineyard,DC=com","False","False","False","1","Script and Delegation Test","AllSettingsEnabled",,"{998cfcf6-5599-447e-881c-990dbe4503f8}","11/20/2014 12:39:45 PM","11/20/2014 12:39:48 PM","1","1","1","1","cn={998CFCF6-5599-447E-881C-990DBE4503F8},cn=policies,cn=system,DC=cohovineyard,DC=com","35","11/20/2014 12:39:58 PM","CN=NTDS Settings,CN=CVDCR2,CN=Servers,CN=Ohio,CN=Sites,CN=Configuration,DC=CohoVineyard,DC=com","4eab0674-680c-4036-851a-1ba76275ca01"
"15","_____SLAM","OU=SLAM,DC=CohoVineyard,DC=com","False",,,,,,,,,,,,,,,,,,
"16","__________Workstations","OU=Workstations,OU=SLAM,DC=CohoVineyard,DC=com","False","True","False","1","SLAM 1 Remote Access","UserSettingsDisabled",,"{0a231477-b36d-46e4-ab28-5931055d9623}","12/7/2014 4:10:09 PM","12/7/2014 4:19:12 PM","0","0","12","12","cn={0A231477-B36D-46E4-AB28-5931055D9623},cn=policies,cn=system,DC=CohoVineyard,DC=com","4","12/7/2014 6:20:42 PM","CN=NTDS Settings,CN=CVDCR2,CN=Servers,CN=Ohio,CN=Sites,CN=Configuration,DC=CohoVineyard,DC=com","4eab0674-680c-4036-851a-1ba76275ca01"
"16","__________Workstations","OU=Workstations,OU=SLAM,DC=CohoVineyard,DC=com","False","True","False","2","SLAM 2 Local Admin Password","UserSettingsDisabled",,"{e46702c5-4fc0-4ba4-bef0-cd6f4e7802fa}","12/7/2014 4:55:28 PM","12/7/2014 5:43:58 PM","0","0","8","8","cn={E46702C5-4FC0-4BA4-BEF0-CD6F4E7802FA},cn=policies,cn=system,DC=CohoVineyard,DC=com","4","12/7/2014 6:20:42 PM","CN=NTDS Settings,CN=CVDCR2,CN=Servers,CN=Ohio,CN=Sites,CN=Configuration,DC=CohoVineyard,DC=com","4eab0674-680c-4036-851a-1ba76275ca01"
"17","_____Testing","OU=Testing,DC=CohoVineyard,DC=com","False",,,,,,,,,,,,,,,"31","8/6/2014 6:41:36 AM","CN=NTDS Settings,CN=CVDCR2,CN=Servers,CN=Ohio,CN=Sites,CN=Configuration,DC=CohoVineyard,DC=com","4eab0674-680c-4036-851a-1ba76275ca01"
"18","__________SubTest","OU=SubTest,OU=Testing,DC=CohoVineyard,DC=com","False",,,,,,,,,,,,,,,"6","8/6/2014 6:41:36 AM","CN=NTDS Settings,CN=CVDCR2,CN=Servers,CN=Ohio,CN=Sites,CN=Configuration,DC=CohoVineyard,DC=com","4eab0674-680c-4036-851a-1ba76275ca01"
